,title,link,date
0,"Coronavirus infections rise above 100,000 worldwide as outbreak wreaks financial havoc",https://www.straitstimes.com/world/coronavirus-infections-rise-above-100000-worldwide-as-outbreak-wreaks-financial-havoc,2020_03_07
17,"South Korea confirms 174 new coronavirus cases, bringing total to 6,767",https://www.straitstimes.com/asia/east-asia/south-korea-confirms-174-new-coronavirus-cases-bringing-total-to-6767,2020_03_07
35,GZERO VIDEO: Steve Bannon on China's handling of coronavirus,https://www.straitstimes.com/world/united-states/gzero-video-steve-bannon-on-chinas-handling-of-coronavirus,2020_03_07
33,GZERO VIDEO: What has the coronavirus done to the tech industry?,https://www.straitstimes.com/world/united-states/gzero-video-what-has-the-coronavirus-done-to-the-tech-industry,2020_03_07
31,"Asian Insider video: Cooperation key in war on coronavirus, says expert",https://www.straitstimes.com/world/asian-insider-video-cooperation-key-in-war-on-coronavirus-says-expert,2020_03_07
29,"Asian Insider, March 6: Covid-19’s fallout, Muhyiddin’s focus, Korean Air’s ‘nut rage’ heiress",https://www.straitstimes.com/asia/asian-insider-march-6-covid-19s-fallout-muhyiddins-focus-korean-airs-nut-rage-heiress,2020_03_07
28,Covid-19 puts Abe on the ropes as Xi cancels summit trip to Tokyo,https://www.straitstimes.com/opinion/covid-19-puts-abe-on-the-ropes-as-xi-cancels-summit-trip-to-tokyo-0,2020_03_07
18,"Coronavirus: Italy reports 49 more deaths, total fatalities at 197",https://www.straitstimes.com/world/europe/coronavirus-italy-reports-49-more-deaths-total-fatalities-at-197,2020_03_07
16,Coronavirus found on cruise ship as more US states report cases,https://www.straitstimes.com/world/united-states/coronavirus-found-on-cruise-ship-as-more-us-states-report-cases,2020_03_07
1,How lethal is the coronavirus? Experts differ over disease's death rate,https://www.straitstimes.com/world/united-states/how-lethal-is-the-coronavirus-experts-differ-over-diseases-death-rate,2020_03_07
13,"Coronavirus confirmed in two attendees at US pro-Israel summit, two health screeners at LAX",https://www.straitstimes.com/world/united-states/coronavirus-confirmed-in-two-attendees-at-us-pro-israel-summit-two-health,2020_03_07
12,"Coronavirus: Inevitable that Singapore will see Covid-19 deaths, says Health Minister Gan Kim Yong",https://www.straitstimes.com/singapore/health/coronavirus-inevitable-that-singapore-will-see-covid-19-death-says-health-minister,2020_03_07
11,Coronavirus: Major spike in Malaysia as 28 new cases recorded,https://www.straitstimes.com/asia/se-asia/coronavirus-major-spike-in-malaysia-as-28-new-cases-recorded,2020_03_07
8,"Climate change or coronavirus? 'Pick your evil', protesters say",https://www.straitstimes.com/world/europe/climate-change-or-coronavirus-pick-your-evil-protesters-say,2020_03_07
6,Coronavirus: How to quarantine yourself,https://www.straitstimes.com/world/united-states/coronavirus-how-to-quarantine-yourself,2020_03_07
5,"13 new Covid-19 cases in S'pore, including 9 linked to Safra Jurong dinner, and an SIA steward",https://www.straitstimes.com/singapore/health/13-new-covid-19-cases-in-spore-including-9-linked-to-safra-jurong-dinner-and-an-sia,2020_03_07
47,Coronavirus: 5 good personal hygiene practices to keep the virus at bay,https://www.straitstimes.com/singapore/health/coronavirus-5-good-personal-hygiene-practices-to-keep-the-virus-at-bay,2020_03_07
